<?xml version="1.0"?>
<!--
/**
 * @author Amasty Team
 * @copyright Copyright (c) 2021 Amasty (https://www.amasty.com)
 * @package Amasty_CronScheduleList
 */
-->

<config xmlns:xsi="http://www.w3.org/2001/XMLSchema-instance" xsi:noNamespaceSchemaLocation="urn:magento:framework:ObjectManager/etc/config.xsd">
    <type name="Magento\Cron\Model\ResourceModel\Schedule\Collection">
        <plugin name="Amasty_CronScheduleList::idfieldname" type="Amasty\CronScheduleList\Plugin\ScheduleCollectionPlugin" />
    </type>
    <type name="Amasty\CronScheduleList\Controller\Adminhtml\Schedule\RunCron">
        <arguments>
            <argument name="shell" xsi:type="object">shellBackground</argument>
        </arguments>
    </type>
</config>
